{"cameraMode":{"drawMode":0,"name":"Shaded","section":"Shading Mode"},"sceneLighting":true,"audioPlay":false,"sceneViewState":{"m_AlwaysRefresh":false,"showFog":true,"showSkybox":true,"showFlares":true,"showImageEffects":true,"showParticleSystems":true,"showVisualEffectGraphs":true,"m_FxEnabled":true},"in2DMode":false,"pivot":{"x":0.07743042707443237,"y":-1.9827996492385865,"z":4.434921741485596},"rotation":{"x":0.2398248314857483,"y":0.07913045585155487,"z":-0.019557807594537736,"w":0.967415452003479},"size":3.550250768661499,"orthographic":false}