{"cameraMode":{"drawMode":0,"name":"Shaded","section":"Shading Mode"},"sceneLighting":true,"audioPlay":false,"sceneViewState":{"m_AlwaysRefresh":false,"showFog":true,"showSkybox":true,"showFlares":true,"showImageEffects":true,"showParticleSystems":true,"showVisualEffectGraphs":true,"m_FxEnabled":true},"in2DMode":false,"pivot":{"x":0.7031368017196655,"y":12.958732604980469,"z":-5.934112548828125},"rotation":{"x":0.2805357277393341,"y":0.017275827005505563,"z":-0.005051071755588055,"w":0.9596798419952393},"size":23.66461753845215,"orthographic":true}